{"stats":{"minecraft:picked_up":{"botania:lexicon":1,"minecraft:salmon":1,"minecraft:apple":2,"minecraft:wooden_pickaxe":1,"artifacts:whoopee_cushion":1,"minecraft:oak_log":2,"minecraft:bread":2,"minecraft:spruce_log":3,"minecraft:chest":1,"minecraft:oak_planks":4,"minecraft:dark_oak_log":1},"minecraft:mined":{"minecraft:chest":1},"minecraft:custom":{"minecraft:time_since_rest":1814,"minecraft:open_chest":1,"minecraft:crouch_one_cm":281,"minecraft:play_time":1814,"minecraft:sprint_one_cm":3226,"minecraft:walk_one_cm":2371,"minecraft:sneak_time":89,"minecraft:jump":38,"minecraft:leave_game":1,"minecraft:time_since_death":1814,"minecraft:total_world_time":3078,"minecraft:fall_one_cm":418,"minecraft:fly_one_cm":8217},"minecraft:used":{"minecraft:wooden_axe":1}},"DataVersion":3465}